"""%s"" coupon code is not valid.","کد کوپن ""%s"" معتبر نیست."
"%s","%s"
"%s / %s rate:","%s / %s امتیاز:"
"%s for %s","%s برای %s"
"%s order(s) cannot be canceled","%s سفارش نمی‌تواند لغو شود"
"%s order(s) have been canceled.","%s سفارش لغو شد."
"%s order(s) have been put on hold.","%s سفارش در تعلیق قرار داده شد."
"%s order(s) have been released from holding status.","%s سفارش از وضعیت تعلیق رها شد."
"%s order(s) were not put on hold.","%s سفارش در تعلیق قرار داده نشده بود."
"%s order(s) were not released from holding status.","%s سفارش از وضعیت تعلیق رها نشده بود."
"* - Enter custom price excluding tax","* - وارد کردن قیمت سفارشی بدون مالیات"
"* - Enter custom price including tax","* - وارد کردن قیمت سفارشی شامل مالیات"
"-- Please Select --","-- لطفا انتخاب نمایید --"
"-- Please Select Billing Agreement--","-- لطفا قرارداد صدور صورت حساب را انتخاب نمایید--"
"About This Order:","درباره‌ی این سفارش:"
"About This Profile:","درباره‌ی این پروفایل:"
"About Your Order","درباره‌ی سفارش‌تان"
"Accept Payment","پذیرش پرداخت"
"Accept or Deny Payment","پذیرش یا رد پرداخت"
"Account Information","اطلاعات حساب"
"Action","کـنـش"
"Actions","کنش‌ها"
"Activate","فعال کردن"
"Active","فعال"
"Add","افزودن"
"Add Gift Messsage","افزودن پیام هدیه"
"Add New Address","افزودن آدرس جدید"
"Add Order Comments","افزودن توضیحات سفارش"
"Add Products","افزودن محصولات"
"Add Selected Product(s) to Option","افزودن محصول(ات) انتخاب شده به گزینه"
"Add Selected Product(s) to Order","افزودن محصول(ات) انتخاب شده به سفارش"
"Add To Order","افزودن به سفارش"
"Add Tracking Number","افزودن شماره‌ی پیگیری"
"Add a gift message for <strong>each gift item</strong>","افزودن یک پیام هدیه برای <strong>هر آیتم هدیه</strong>"
"Add a gift message for the <strong>entire order</strong>","افزودن یک پیام هدیه برای <strong>تمام سفارش</strong>"
"Add comment to order","افزودن توضیح به سفارش"
"Add new comment to shipment","افزودن توضیح جدید به محموله"
"Add new tracking number","افزودن شماره‌ی پیگیری جدید"
"Add to Cart","افزودن به سبد"
"Address","آدرس"
"Address model is not defined.","مدل آدرس تعریف نشده است."
"Adjustment Fee","هزینه‌ی تنظیم"
"Adjustment Refund","تنظیم استرداد"
"Agreement Information","اطلاعات قرارداد"
"Allow Reorder","اجازه‌ی سفارش دوباره"
"Amount","مبلغ"
"Amount: %s.","مبلغ: %s."
"An item option with code %s already exists.","یک گزینه‌ی آیتم با کد %s وجود دارد."
"Append Comments","پیوست کردن توضیحات"
"Apply","اعمال"
"Apply Coupon Code","اعمال کد کوپن"
"Approved the payment online.","پرداخت آنلاین تایید شد."
"Are you sure you want to accept this payment?","شما مطمئن‌اید که می‌خواهید این پرداخت را بپذیرید؟"
"Are you sure you want to cancel this order?","شما مطمئن‌اید که می‌خواهید این پرداخت را لغو کنید؟"
"Are you sure you want to deny this payment?","شما مطمئن‌اید که می‌خواهید این پرداخت را رد کنید؟"
"Are you sure you want to do this?","شما مطمئن‌اید که می‌خواهید این را انجام دهید؟"
"Are you sure you want to send Creditmemo email to customer?","شما مطمئن‌اید که می‌خواهید ایمیل یادداشت بستانکاری را به مشتری ارسال کنید؟"
"Are you sure you want to send Invoice email to customer?","شما مطمئن‌اید که می‌خواهید ایمیل فاکتور را به مشتری ارسال کنید؟"
"Are you sure you want to send Shipment email to customer?","شما مطمئن‌اید که می‌خواهید ایمیل محموله را به مشتری ارسال کنید؟"
"Are you sure you want to send order email to customer?","شما مطمئن‌اید که می‌خواهید ایمیل سفارش را به مشتری ارسال کنید؟"
"Are you sure you want to void the payment?","شما مطمئن‌اید که می‌خواهید پرداخت را باطل کنید؟"
"Are you sure?","شما مطمئن‌اید؟"
"Are you sure? This order will be canceled and a new one will be created instead","شما مطمئن‌اید؟ این سفارش لغو خواهد شد و به جای آن سفارش جدیدی ایجاد خواهد شد"
"At least a payment ID must be set.","دست کم یک شناسه‌ی پرداخت باید تنظیم شده باشد."
"Authorization","تصویب"
"Authorized amount of %s.","مبلغ تصویب شده‌ی %s."
"Authorizing amount of %s is pending approval on gateway.","تصویب مبلغ %s برای تایید در گذرگاه در انتظار است."
"Back","بازگشت"
"Back to Billing Agreements","بارگشت به قراردادهای صورت حساب"
"Back to My Orders","بازگشت به سفارشاتم"
"Back to Recurring Profiles","بازگشت به پروفایل‌های مکرر"
"Backordered","پیش سفارش شده"
"Bestsellers","پرفروش‌ها"
"Bill to Name","صورت حساب به نام"
"Billing","صورت حساب"
"Billing Address","آدرس صورت حساب"
"Billing Agreement","قرارداد صدور صورت حساب"
"Billing Agreement # %s","قرارداد صورت حساب شماره‌ی %s"
"Billing Agreement #%s","قرارداد صورت حساب شماره‌ی %s"
"Billing Agreement View","مشاهده‌ی قرارداد صورت حساب"
"Billing Agreements","قراردادهای صورت حساب"
"Buy %s for price %s","خرید %s تا به قیمت %s"
"CSV","CSV"
"Cancel","لغو"
"Cancel invoice","لغو فاکتور"
"Cancel order","لغو سفارش"
"Canceled","لغو"
"Canceled order offline.","سفارش آفلاین لغو شد."
"Canceled order online.","سفارش آنلاین لغو شد."
"Cannot add order history.","نمی‌توان پیشینه‌ی سفارش را افزود."
"Cannot create an empty shipment.","نمی‌توان یک محموله‌ی خالی ایجاد کرد."
"Cannot determine the field name.","نمی‌توان نام فیلد را تعیین کرد."
"Cannot do invoice for order.","نمی‌توان فاکتور را برای سفارش صادر کرد."
"Cannot do shipment for order.","نمی‌توان محموله را برای سفارش صادر کرد."
"Cannot get order instance","نمی‌توان سفارش نمونه‌ای را دریافت کرد"
"Cannot get the order instance.","نمی‌توان سفارش نمونه را دریافت کرد."
"Cannot register an existing credit memo.","نمی‌توان یک یادداشت بستانکاری موجود را ثبت کرد."
"Cannot register existing invoice","نمی‌توان فاکتور موجود را ثبت کرد"
"Cannot register existing shipment","نمی‌توان محموله‌ی موجود را ثبت کرد"
"Capture","ضبط"
"Capture Amount","ضبط مبلغ"
"Capture Offline","ضبط آفلاین"
"Capture Online","ضبط آنلاین"
"Capture invoice","ضبط فاکتور"
"Captured amount of %s online.","مبلغ ضبط شده‌ی %s فاکتور."
"Capturing amount of %s is pending approval on gateway.","ضبط مبلغ %s برای تصویب در گذرگاه در انتظار است."
"Carrier","حامل"
"Carrier/Method","حامل/روش"
"Change status, add comments","تغییر وضعیت، افزودن توضیحات"
"Checkout Totals Sort Order","ترتیب ردیف جمع‌های تسویه"
"Click to change shipping method","برای تغییر روش ارسال کلیک کنید"
"Close","بستن"
"Closed","بسته"
"Comma-separated.","جدا شده با کاما."
"Comment","توضیح"
"Comment Text","متن توضیح"
"Comments","توضیحات"
"Comments History","پیشینه‌ی توضیحات"
"Complete","کامل"
"Country","کشور"
"Coupons","کوپن‌ها"
"Create","ایجاد"
"Create New Customer","ایجاد مشتری جدید"
"Create New Order","ایجاد سفارش جدید"
"Create New Order for %s","ایجاد سفارش جدید برای %s"
"Create New Order for %s in %s","ایجاد سفارش جدید برای %s در %s"
"Create New Order for New Customer","ایجاد سفارش جدید برای مشتری جدید"
"Create New Order for New Customer in %s","ایجاد سفارش جدید برای مشتری جدید در %s"
"Create Shipment","ایجاد محموله"
"Create new invoice for order","ایجاد فاکتور جدید برای سفارش"
"Create new shipment for order","ایجاد محموله‌ی جدید برای سفارش"
"Create...","ایجاد..."
"Created At","ایجاد شده در"
"Created billing agreement #%s.","قرارداد صورت حساب ایجاد شده‌ی شماره‌ی %s."
"Created:","ایجاد شده:"
"Credit Memo","یادداشت بستانکاری"
"Credit Memo #","یادداشت بستانکاری شماره‌ی"
"Credit Memo # ","یادداشت بستانکاری شماره‌ی "
"Credit Memo #%1$s | %3$s | %2$s (%4$s)","یادداشت بستانکاری شماره‌ی %1$s | %3$s | %2$s (%4$s)"
"Credit Memo Comment Email Sender","فرستنده‌ی ایمیل توضیح یادداشت بستانکاری"
"Credit Memo Comment Email Template","قالب ایمیل توضیح یادداشت بستانکاری"
"Credit Memo Comment Email Template for Guest","قالب ایمیل توضیح یادداشت بستانکاری برای مهمان"
"Credit Memo Comments","توضیحات یادداشت بستانکاری"
"Credit Memo Email Sender","فرستنده‌ی ایمیل یادداشت بستانکاری"
"Credit Memo Email Template","قالب ایمیل یادداشت بستانکاری"
"Credit Memo Email Template for Guest","قالب ایمیل یادداشت بستانکاری برای مهمان"
"Credit Memo Update","به روز رسانی یادداشت بستانکاری"
"Credit Memo Update for Guest","به روز رسانی یادداشت بستانکاری برای مهمان"
"Credit Memos","یادداشت‌های بستانکاری"
"Creditmemo","یادداشت بستانکاری"
"Custom Options","گزینه‌های سفارشی"
"Custom Price","قیمت سفارشی"
"Custom Value","مقدار سفارشی"
"Customer","مشتری"
"Customer Can Define Start Date","مشتری بتواند تاریخ شروع را تعریف کند"
"Customer Email","ایمیل مشتری"
"Customer Group","گروه مشتری"
"Customer Last Name","نام خانوادگی مشتری"
"Customer My Account Order Creditmemo View","مشاهده‌ی یادداشت بستانکاری سفارش حساب من مشتری"
"Customer My Account Order History","پیشینه‌ی سفارش حساب من مشتری"
"Customer My Account Order Invoice View","مشاهده‌ی فاکتور سفارش حساب من مشتری"
"Customer My Account Order Shipment View","مشاهده‌ی محموله‌ی سفارش حساب من مشتری"
"Customer My Account Order View","مشاهده‌ی سفارش حساب من مشتری"
"Customer Name","نام مشتری"
"Customer\'s Current Activities","فعالیت‌های جاری مشتری"
"Date","تاریخ"
"Date Shipped","تاریخ ارسال شده"
"Date of Birth","تاریخ تولد"
"Default logo, will be used in PDF and HTML documents.<br />(jpeg, tiff, png)","لوگوی پیش فرض، در اسناد PDF و HTML استفاده خواهد شد. <br />( jpeg، tiff، png)"
"Delete",""حذف"
"Denied the payment online.","پرداخت آنلاین ممنوع شده است."
"Deny Payment","رد پرداخت"
"Description Message","توصیف پیام"
"Discount","تخفیف"
"Discount (%s)","تخفیف (%s)"
"Discount Amount","مبلغ تخفیف"
"Display Order ID in Header","نمایش شناسه‌ی سفارش در هدر"
"Edit","ویرایش"
"Edit Gift Messsage","ویرایش پیام هدیه"
"Edit Order","ویرایش سفارش"
"Edit Order #%s","ویرایش سفارش شماره‌ی %s"
"Email","ایمیل"
"Email Copy of Credit Memo","ایمیل یک کپی از یادداشت بستانکاری"
"Email Copy of Invoice","ایمیل یک کپی از فاکتور"
"Email Copy of Shipment","ایمیل یک کپی از محموله"
"Email Order Confirmation","ایمیل تایید سفارش"
"Enable","ممکن"
"Enabled","ممکن‌شده"
"Error to Show in Shopping Cart","خطا برای نمایش در سبد خرید"
"Excel","اکسل"
"Excl. Tax","بی مالیات"
"Expired","منقضی"
"Failed to cancel the billing agreement.","شکست در لغو قرارداد صدور صورت حساب."
"Failed to create billing agreement for this order.","شکست در ایجاد قرارداد صدور صورت حساب برای این سفارش."
"Failed to finish billing agreement wizard.","شکست در اتمام ویزارد قرارداد صدور صورت حساب."
"Failed to send the order email.","شکست در ارسال ایمیل سفارش."
"Failed to start billing agreement wizard.","شکست در آغاز ویزارد قرارداد صدور صورت حساب."
"Failed to update the payment.","شکست در به روز رسانی پرداخت."
"Failed to update the profile.","شکست در به روز رسانی پروفایل."
"Failed to void the payment.","شکست در ابطال پرداخت."
"Fetch","آوردن"
"From","از"
"From Name","نام از"
"From:","از:"
"G.T. (Base)","G.T. (مبنا)"
"G.T. (Purchased)","G.T. (خریداری شده)"
"Genereal Information","اطلاعات عمومی"
"Get Payment Update","دریافت به روز رسانی پرداخت"
"Get Update","دریافت به روز رسانی"
"Get shipping methods and rates","دریافت روش‌های ارسال و نرخ‌ها"
"Gift","هدیه"
"Gift Message","پیام هدیه"
"Gift Message for This Order","پیام هدیه برای این سفارش"
"Gift Message for the Entire Order","پیام هدیه برای همه‌ی سفارش"
"Gift Message for this Order","پیام هدیه برای این سفارش"
"Grand Total","جمع کل نهایی"
"Grand Total to be Charged","جمع کل نهایی هزینه شده"
"Guest","مهمان"
"Hold","تعلیق"
"Hold action is not available.","کنش تعلیق در دسترس نیست."
"Hold order","تعلیق سفارش"
"ID","شناسه"
"ID #","شناسه‌ی شماره‌ی"
"If empty, the default description above will be used.","اگر خالی باشد، توصیف پیش فرض بالا استفاده خواهد شد."
"If empty, the default error above will be used.","اگر خالی باشد، خطای پیش فرض بالا استفاده خواهد شد."
"If the invoice was created offline, try creating an offline creditmemo.","اگر فاکتور آفلاین ایجاد شده بود، برای ایجاد یک یادداشت بستانکاری آفلاین تلاش کن."
"Incl. Tax","با مالیات"
"Information","اطلاعات"
"Initial Fee","هزینه‌ی اولیه"
"Initial Fees","هزینه‌های اولیه"
"Initial period payment","پرداخت دوره‌ی اولیه"
"Invalid block: %s.","بلاک نامعتبر: %s."
"Invalid carrier specified.","حامل نامعتبر تعیین شده."
"Invalid draw line data. Please define ""lines"" array.","داده‌ی خط رسم نامعتبر است. لطفا آرایه‌ی ""خطوط"" را تعریف نمایید."
"Invalid item option format.","ساختار گزینه‌ی آیتم نامعتبر است."
"Invalid qty to invoice item ""%s""","تعداد نامعتبر برای فاکتور آیتم ""%s"""
"Invalid qty to refund item ""%s""","تعداد نامعتبر برای استرداد آیتم ""%s"""
"Invalid qty to ship for item ""%s""","تعداد نامعتبر برای ارسال برای آیتم ""%s"""
"Invalid renderer model","مدل رندرکننده‌ی نامعتبر"
"Invalid request for adding product to quote.","درخواست نامعتبر برای افزودن محصول به صف."
"Invoice","فاکتور"
"Invoice #","فاکتور شماره‌ی"
"Invoice # ","فاکتور شماره‌ی "
"Invoice #%1$s | %2$s | %4$s (%3$s)","فاکتور شماره‌ی %1$s | %2$s | %4$s (%3$s)"
"Invoice #%s","فاکتور شماره‌ی %s"
"Invoice Comment Email Sender","فرستنده‌ی ایمیل توضیح فاکتور"
"Invoice Comment Email Template","قالب ایمیل توضیح فاکتور"
"Invoice Comment Email Template for Guest","قالب ایمیل توضیح فاکتور برای مهمان"
"Invoice Comments","توضیحات فاکتور"
"Invoice Date","تاریخ فاکتور"
"Invoice Email Sender","فرستنده‌ی ایمیل فاکتور"
"Invoice Email Template","قالب ایمیل فاکتور"
"Invoice Email Template for Guest","قالب ایمیل فاکتور برای مهمان"
"Invoice Update","به روز رسانی فاکتور"
"Invoice Update for Guest","به روز رسانی فاکتور برای مهمان"
"Invoice and Packing Slip Design","طراحی فاکتور و رسید بسته"
"Invoice and Ship","فاکتور و ارسال"
"Invoice canceling problem.","مشکل لغو فاکتور."
"Invoice cannot be canceled.","فاکتور نمی‌تواند لغو شود."
"Invoice cannot be captured.","فاکتور نمی‌تواند ضبط شود."
"Invoice cannot be voided.","فاکتور نمی‌تواند باطل شود."
"Invoice capturing problem.","مشکل ضبط فاکتور."
"Invoice void problem","مشکل ابطال فاکتور"
"Invoice will be created without communication with payment gateway.","فاکتور بدون ارتباط با گذرگاه پرداخت ایجاد خواهد شد."
"Invoiced","فاکتورشده"
"Invoices","فاکتورها"
"Is Closed","بسته شده است"
"Item","آیتم"
"Item Status","وضعیت آیتم"
"Item object is not specified.","شی آیتم مشخص شده نیست."
"Item options declaration error.","اعلان خطای گزینه‌های آیتم."
"Item ordered qty","تعداد سفارش داده شده‌ی آیتم"
"Item qty declaration error.","اعلان خطای تعداد آیتم."
"Items","آیتم‌ها"
"Items Invoiced","آیتم‌های فاکتور شده"
"Items Ordered","آیتم‌های سفارش داده شده"
"Items Refunded","آیتم‌های مسترد شده"
"Items Shipped","آیتم‌های ارسال شده"
"Items maximum quantity or price do not allow checkout.","بیشینه تعداد یا قیمت آیتم‌ها برای تسویه اجازه نمی دهند."
"Items options declaration error.","اعلان خطای گزینه‌های آیتم‌ها."
"Items to Refund","آیتم‌ها برای استرداد"
"Items to Ship","آیتم‌ها برای ارسال"
"Key","کلید"
"Last Ordered Items","آیتم‌های اخیرا سفارش داده شده"
"Link to the New Order","لینک به سفارش جدید"
"Link to the Previous Order","لینک به سفارش قبلی"
"Logo for HTML Print View","لوگو برای نمای HTML چاپ"
"Logo for HTML documents only. If empty, default will be used.<br />(jpeg, gif, png)","لوگو تنها برای اسناد HTML. اگر خالی باشد، پیش فرض استفاده خواهد شد. <br />( jpeg، gif، png)"
"Logo for PDF Print-outs (200x50)","لوگو برای PDF خروجی‌های چاپی (200x50)"
"Manage","مدیریت"
"Maximum shipping amount allowed to refund is: %s","بیشینه مبلغ ارسال مجاز برای استرداد هست: %s"
"Message","پیام"
"Message:","پیام:"
"Minimum Amount","کمینه مبلغ"
"Minimum Order Amount","کمینه مبلغ سفارش"
"Mixed","مخلوط"
"Move to Shopping Cart","انتقال به سبد خرید"
"Move to Wishlist","انتقال به لیست دلخواه"
"Multi-address Description Message","پیام توصیف چند آدرسی"
"Multi-address Error to Show in Shopping Cart","خطای چند آدرسی برای نمایش در سبد خرید"
"My Orders","سفارش‌های من"
"My Orders - Details","سفارش‌های من - جزییات"
"N/A","N/A"
"Name","نام"
"New","جدید"
"New Billing Agreement","قرارداد صدور صورت حساب جدید"
"New Credit Memo","یادداشت بستانکاری جدید"
"New Credit Memo for Guest","یادداشت بستانکاری جدید برای مهمان"
"New Invoice","فاکتور جدید"
"New Invoice and Shipment for Order #%s","فاکتور و محموله‌ی جدید برای سفارش شماره‌ی %s"
"New Invoice for Guest","فاکتور جدید برای مهمان"
"New Invoice for Order #%s","فاکتور جدید برای سفارش شماره‌ی %s"
"New Order","سفارش جدید"
"New Order Confirmation Email Sender","فرستنده‌ی ایمیل تاییدیه سفارش جدید"
"New Order Confirmation Template","قالب تاییدیه سفارش جدید"
"New Order Confirmation Template for Guest","قالب تاییدیه سفارش جدید برای مهمان"
"New Order RSS","RSS سفارش جدید"
"New Order for Guest","سفارش جدید برای مهمان"
"New Shipment","محموله‌ی جدید"
"New Shipment for Guest","محموله‌ی جدید برای مهمان"
"New Shipment for Order #%s","محموله‌ی جدید برای سفارش شماره‌ی %s"
"Newsletter Subscription","اشتراک خبرنامه"
"No","خیر"
"No Items","هیچ آیتمی"
"No Items To Refund","هیچ آیتمی برای استرداد"
"No Payment Methods","هیچ روش پرداختی"
"No detail for number ""%s""","هیچ جزییاتی برای شماره‌ی ""%s"""
"No information available.","اطلاعات‌ای موجود نیست."
"No items","هیچ آیتمی"
"No order(s) were put on hold.","هیچ سفارشی در تعلیق قرار نداشت."
"No order(s) were released from holding status.","هیچ سفارشی از وضعیت تعلیق رها نشده بود."
"No ordered items","هیچ آیتم سفارش داده شده‌ای"
"No shipping information available","هیچ اطلاعات ارسالی موجود نیست"
"No valid transaction found for this payment review.","هیچ تراکنش معتبری برای بازبینی این پرداخت مشاهده نشد."
"Nominal Items","آیتم‌های جزیی"
"Nominal item can be purchased standalone only. To proceed please remove other items from the quote.","آیتم جزیی تنها می‌تواند مستقل خریداری شود. برای ادامه لطفا دیگر آیتم‌ها را از براورد هزینه بردارید."
"Nominal order registered.","سفارش جزیی ثبت شد."
"Not Capture","ضبط نشد"
"Not Initialized","مقدار دهی اولیه نشده"
"Not Notified","آگاه نشده"
"Not enough valid data to save the parent transaction ID.","داده‌ی معتبر کافی برای ذخیره‌ی شناسه‌ی تراکنش منشا نیست."
"Notification Not Applicable","اطلاعیه اجرا شدنی نیست"
"Notified","آگاه شده"
"Notify Customer","آگاه‌سازی مشتری"
"Notify Customer by Email","آگاه‌سازی مشتری توسط ایمیل"
"Number","شماره"
"Number of Invoiced Orders","تعداد سفارش‌های فاکتور شده"
"Number of Orders","تعداد سفارش‌ها"
"Number of Refunded Orders","تعداد سفارش‌های مسترد"
"Offline Refunded","مسترد آفلاین"
"On Hold","در تعلیق"
"Online Refunded","مسترد آنلاین"
"Order","سفارش"
"Order #","شماره سفارش"
"Order # ","سفارش شماره‌ی "
"Order # %s","سفارش شماره‌ی %s"
"Order # %s %s | %s","سفارش شماره‌ی %s %s | %s"
"Order #%s","سفارش شماره‌ی %s"
"Order #%s - %s","سفارش شماره‌ی %s - %s"
"Order API","APIی سفارش"
"Order Comment","توضیح سفارش"
"Order Comment Email Sender","فرستنده‌ی ایمیل توضیح سفارش"
"Order Comment Email Template","قالب ایمیل توضیح سفارش"
"Order Comment Email Template for Guest","قالب ایمیل توضیح سفارش برای مهمان"
"Order Comments","توضیحات سفارش"
"Order Credit Memos","یادداشت‌های بستانکاری سفارش"
"Order Currency:","ارز سفارش:"
"Order Date","تاریخ سفارش"
"Order Date (%s)","تاریخ سفارش (%s)"
"Order Date: ","تاریخ سفارش: "
"Order Date: %s","تاریخ سفارش: %s"
"Order Details","جزییات سفارش"
"Order Grand Total","جمع کل نهایی سفارش"
"Order History","پیشینه‌ی سفارش"
"Order ID","شناسه‌ی سفارش"
"Order Information","اطلاعات سفارش"
"Order Invoices","فاکتورهای سفارش"
"Order Shipments","محموله‌های سفارش"
"Order Status","وضعیت سفارش"
"Order Subtotal","جمع جز سفارش"
"Order Taxes Report Grouped by Tax Rates","گزارش مالیات‌های سفارش گروه بندی شده با نرخ‌های مالیات"
"Order Total","مجموع سفارش"
"Order Totals","جمع کل سفارش"
"Order Update","به روز رسانی سفارش"
"Order Update for Guest","به روز رسانی سفارش برای مهمان"
"Order View","مشاهده‌ی سفارش"
"Order does not allow to be canceled.","سفارش اجازه نمی‌دهد لغو شود."
"Order invoice","فاکتور سفارش"
"Order object is not specified.","شی سفارش مشخص شده نیست."
"Order saving error: %s","خطای ذخیره سازی سفارش: %s"
"Order shipments","محموله‌های سفارش"
"Order was placed using %s","با استفاده از %s سفارش داده شد"
"Ordered","سفارش داده شده"
"Orders","سفارش‌ها"
"Original Price","قیمت اصلی"
"Original order item that recurring payment profile correspondss to.","آیتم سفارش اصلی که مربوط به پروفایل پرداخت مکرر است."
"PDF Credit Memos","PDF یادداشت‌های بستانکاری"
"PDF Invoices","PDF فاکتورها"
"PDF Packingslips","PDF رسیدهای بسته"
"PDF Print-outs","PDF خروجی‌های چاپی"
"PDF object is not specified.","شی PDF مشخص شده نیست."
"PDF page object is not specified.","شی صفحه‌ی PDF مشخص شده نیست."
"PDF total model should extend Mage_Sales_Model_Order_Pdf_Total_Default","مدل کلی PDF باید Mage_Sales_Model_Order_Pdf_Total_Default را توسعه دهد"
"Packingslip # ","رسید بسته‌ی شماره‌ی "
"Paid","پرداخت شده"
"Paid Amount","مبلغ پرداخت شده"
"Parent Transaction ID","شناسه‌ی تراکنش منشا"
"Parent transaction ID must have a transaction ID.","شناسه‌ی تراکنش منشا باید یک شناسه‌ی تراکنش داشته باشد."
"Partial","بخشی"
"Payment Failed","پرداخت ناموفق"
"Payment Information","اطلاعات پرداخت"
"Payment Method","روش پرداخت"
"Payment Method Name","نام روش پرداخت"
"Payment Method:","روش پرداخت:"
"Payment Review","بازبینی پرداخت"
"Payment disallow storing objects.","ذخیره سازی شی‌های پرداخت غیر مجاز است."
"Payment transactions disallow storing objects.","ذخیره سازی شی‌های تراکنش پرداخت غیر مجاز است."
"Payment type","نوع پرداخت"
"Payment update has been made.","به روز رسانی پرداخت ایجاد شد."
"Pending","انتظار"
"Pending Payment","پرداخت در انتظار"
"Period","دوره"
"Place Order Using Billing Agreements","سفارش دادن با استفاده از قراردادهای صورت حساب"
"Placed from IP","از IP قرار داده شده"
"Please Select Products to Add","لطفا محصولات را برای افزودن انتخاب نمایید"
"Please Select a Customer","لطفا یک مشتری را انتخاب نمایید"
"Please Select a Store","لطفا یک فروشگاه را انتخاب نمایید"
"Please define PDF object before using.","لطفا شی PDF را پیش از استفاده تعریف نمایید."
"Please enter positive number in this field.","لطفا در این فیلد شماره‌ی مثبت وارد نمایید."
"Please specify a valid grid column alias name that exists in grid table.","لطفا یک نام مستعار ستون مشبک معتبر مشخص نمایید که در جدول مشبک موجود است."
"Price","قیمت"
"Print","چاپ"
"Print All","چاپ همه"
"Print All Invoices","چاپ همه‌ی فاکتورها"
"Print All Refunds","چاپ همه‌ی استردادها"
"Print All Shipments","چاپ همه‌ی محموله‌ها"
"Print Credit Memos","چاپ یادداشت‌های بستانکاری"
"Print Invoice","چاپ فاکتور"
"Print Invoices","چاپ فاکتورها"
"Print Order","چاپ سفارش"
"Print Order # %s","چاپ سفارش شماره‌ی "
"Print Packingslips","چاپ رسیدهای بسته"
"Print Refund","چاپ استرداد"
"Print Shipment","چاپ محموله"
"Processing","پردازش"
"Product","محصول"
"Product Name","نام محصول"
"Products","محصولات"
"Products Bestsellers Report","گزارش محصولات پرفروش"
"Products in Comparison List","محصولات در لیست مقایسه"
"Profile #%s","پروفایل شماره‌ی %S"
"Profile Information","اطلاعات پروفایل"
"Profile State","حالت پروفایل"
"Profit","سود"
"Promotion Coupons Usage Report","گزارش استفاده‌ی کوپن‌های تبلیغاتی"
"Proper payment object must be set.","شی پرداخت مناسب باید تنظیم باشد."
"Purchased From","خریداری شده از"
"Purchased From (Store)","خریداری شده از (فروشگاه)"
"Purchased Item","آیتم خریداری شده"
"Purchased On","خریداری شده در"
"Qty","تعداد"
"Qty Invoiced","تعداد فاکتور شده"
"Qty Ordered","تعداد سفارش داده شده"
"Qty Shipped","تعداد ارسال شده"
"Qty To Add","تعداد برای افزودن"
"Qty to Add","تعداد برای افزودن"
"Qty to Invoice","تعداد برای فاکتور"
"Qty to Refund","تعداد برای استرداد"
"Qty to Ship","تعداد برای ارسال"
"Quantity Ordered","تعداد سفارش داده شده"
"Rate","نرخ"
"Recent Orders","سفارش‌های اخیر"
"Recently Compared Products","محصولات اخیرا مقایسه شده"
"Recently Viewed","اخیرا مشاهد شده"
"Recently Viewed Products","محصولات اخیرا مشاهد شده"
"Recurring Profile # %s","پروفایل مکرر شماره‌ی %S"
"Recurring Profile Initial Fee","هزینه‌ی اولیه‌ی پروفایل مکرر"
"Recurring Profiles","پروفایل‌های مکرر"
"Recurring Profiles (beta)","پروفایل‌های مکرر (بتا)"
"Reference ID","شناسه‌ی ارجاع"
"Reference ID:","شناسه‌ی ارجاع:"
"Refresh","رفرش"
"Refund","استرداد"
"Refund #","استرداد شماره‌ی"
"Refund #%s","استرداد شماره‌ی %s"
"Refund Amount","مبلغ استرداد"
"Refund Offline","استرداد آفلاین"
"Refund Shipping","ارسال استرداد"
"Refund Shipping (Excl. Tax)","ارسال استرداد (بی مالیات)"
"Refund Shipping (Incl. Tax)","ارسال استرداد (با مالیات)"
"Refund Totals","جمع کل استرداد"
"Refunded","مسترد"
"Refunded amount of %s offline.","مبلغ مسترد %S آفلاین."
"Refunded amount of %s online.","مبلغ مسترد %S آنلاین."
"Refunds","استردادها"
"Registered a Void notification.","یک اطلاعیه‌ی باطل ثبت شده است."
"Registered notification about approved payment.","اطلاعیه‌ی ثبت شده درباره‌ی پرداخت تایید شده."
"Registered notification about authorized amount of %s.","اطلاعیه‌ی ثبت شده درباره‌ی مبلغ تصویب شده‌ی %S."
"Registered notification about captured amount of %s.","اطلاعیه‌ی ثبت شده درباره‌ی مبلغ ضبط شده‌ی %S."
"Registered notification about denied payment.","اطلاعیه‌ی ثبت شده درباره‌ی پرداخت ممنوع شده."
"Registered notification about refunded amount of %s.","اطلاعیه‌ی ثبت شده درباره‌ی مبلغ مسترد شده‌ی %S."
"Registered update about approved payment.","به روز رسانی ثبت شده درباره‌ی پرداخت تایید شده."
"Regular Payment","پرداخت عادی"
"Related Orders","سفارش‌های مرتبط"
"Remove","برداشتن"
"Remove Coupon Code","برداشتن کد کوپن"
"Remove tracking number","برداشتن شماره‌ی پیگری"
"Reorder","سفارش دوباره"
"Retrieve invoice info","بازیابی اطلاعات فاکتور"
"Retrieve invoice information","بازیابی اطلاعات فاکتور"
"Retrieve list of invoices by filters","بازیابی لیست فاکتورها توسط فیلترها"
"Retrieve list of orders by filters","بازیابی لیست سفارش‌ها توسط فیلترها"
"Retrieve list of shipments by filters","بازیابی لیست محموله‌ها توسط فیلترها"
"Retrieve order information","بازیابی اطلاعات سفارش"
"Retrieve orders info","بازیابی اطلاعات سفارش‌ها"
"Retrieve shipment info","بازیابی اطلاعات محموله"
"Retrieve shipment information","بازیابی اطلاعات محموله"
"Return to Stock","بازگشت به موجودی"
"Returned","برگردانده شده"
"Revenue","درآمد"
"Row Subtotal","جمع جز سطر"
"Row Total","جمع سطر"
"SHIP TO:","ارسال به:"
"SKU","کد کالا"
"SOLD TO:","فروخته شده به:"
"Sales","فروش‌ها"
"Sales Discount","تخفیف فروش‌ها"
"Sales Emails","ایمیل‌های فروش‌ها"
"Sales Emails Section","بخش ایمیل‌های فروش‌ها"
"Sales Invoice Print View","نمای چاپ فاکتور فروش‌ها"
"Sales Items","آیتم‌های فروش‌ها"
"Sales Order Print View","نمای چاپ سفارش فروش‌ها"
"Sales Section","بخش فروش‌ها"
"Sales Shipment Print View","نمای چاپ محموله‌ی فروش‌ها"
"Sales Shipping","ارسال فروش‌ها"
"Sales Tax","مالیات فروش‌ها"
"Sales Total","مجموع فروش‌ها"
"Same As Billing Address","همان آدرس صورت حساب"
"Save and Close Message","ذخیره و بستن پیام"
"Save in address book","ذخیره در کتاب آدرس"
"Schedule","زمان بندی"
"Select from existing customer addresses:","انتخاب از آدرس‌های مشتری موجود:"
"Send Credit Memo Comment Email Copy To","ارسال کپی ایمیل توضیح یادداشت بستانکاری به"
"Send Credit Memo Email Copy To","ارسال کپی ایمیل یادداشت بستانکاری به"
"Send Email","ارسال ایمیل"
"Send Invoice Comment Email Copy To","ارسال کپی ایمیل توضیح فاکتور به"
"Send Invoice Email Copy To","ارسال کپی ایمیل فاکتور به"
"Send Order Comment Email Copy To","ارسال کپی ایمیل توضیح سفارش به"
"Send Order Email Copy Method","روش کپی ارسال ایمیل سفارش"
"Send Order Email Copy To","ارسال کپی ایمیل سفارش به"
"Send Sales Emails","ارسال ایمیل‌های فروش‌ها"
"Send Shipment Comment Email Copy To","ارسال کپی ایمیل توضیح محموله به"
"Send Shipment Email Copy To","ارسال کپی ایمیل محموله به"
"Send Tracking Information","ارسال اطلاعات پیگیری"
"Set order for existing transactions not allowed","تنظیم سفارش برای تراکنش موجود مجاز نیست"
"Ship","ارسال"
"Ship To","ارسال به"
"Ship to Name","ارسال به نام"
"Shipment","محموله"
"Shipment #","محموله‌ی شماره‌ی"
"Shipment #%1$s | %3$s (%2$s)","محموله‌ی شماره‌ی %1$S | %3$S (%2$S)"
"Shipment #%s","محموله‌ی شماره‌ی %s"
"Shipment Comment Email Sender","فرستنده‌ی ایمیل توضیح محموله"
"Shipment Comment Email Template","قالب ایمیل توضیح محموله"
"Shipment Comment Email Template for Guest","قالب ایمیل توضیح محموله برای مهمان"
"Shipment Comments","توضیحات محموله"
"Shipment Email Sender","فرستنده‌ی ایمیل محموله"
"Shipment Email Template","قالب ایمیل محموله"
"Shipment Email Template for Guest","قالب ایمیل محموله برای مهمان"
"Shipment Update","به روز رسانی محموله"
"Shipment Update for Guest","به روز رسانی محموله برای مهمان"
"Shipments","محموله‌ها"
"Shipped","ارسال شده"
"Shipped By","ارسال شده با"
"Shipping","ارسال"
"Shipping & Handling","ارسال و رسیدگی"
"Shipping &amp; Handling","ارسال و رسیدگی"
"Shipping &amp; Handling Information","اطلاعات ارسال و رسیدگی"
"Shipping Address","آدرس ارسال"
"Shipping Amount","مبلغ ارسال"
"Shipping Information","اطلاعات ارسال"
"Shipping Method","روش ارسال"
"Shipping Method:","روش ارسال:"
"Shipping Refund","ارسال استرداد"
"Shipping and Tracking Information","اطلاعات ارسال و پیگیری"
"Shopping Cart","سبد خرید"
"Signed Up From","نام نویسی شده از"
"Sku","کد کالا"
"Some of the products below do not have all the required options. Please remove them and add again with all the required options.","برخی از محصولات زیر همه‌ی گزینه‌های لازم را ندارند. لطفا آن‌ها را بردارید و دوباره با همه‌ی گزینه‌های الزامی اضافه نمایید."
"Sorry, no quotes are available for this order at this time.","با عرض پوزش، براوردهای هزینه‌ای برای این سفارش در این زمان موجود نیستند."
"Source object is not specified.","شی منبع مشخص شده نیست."
"Specified profile does not exist.","پروفایل تعیین شده وجود ندارد."
"State/Province","ایالت/استان"
"Status","وضعیت"
"Status:","وضعیت:"
"Store Credit","اعتبار فروشگاه"
"Submit Comment","ارایه‌ی توضیح"
"Submit Credit Memo","ارایه‌ی یادداشت بستانکاری"
"Submit Order","ارایه‌ی سفارش"
"Submit Shipment","ارایه‌ی محموله"
"Subscribe to Newsletter","اشتراک در خبرنامه"
"Subscribe to Order Status","اشتراک در وضعیت سفارش"
"Subtotal","جمع جز"
"Subtotal after discount.","جمع جز پس از تخفیف."
"Subtotal:","جمع جز:"
"Suspected Fraud","تقلب مشکوک"
"Suspend","معلق"
"Suspended","معلق"
"TAX/VAT Number","شماره‌ی مالیاتی"
"Tax","مالیات"
"Tax Amount","مبلغ مالیات"
"Tax Percent","درصد مالیات"
"Telephone","تلفن"
"The Order State ""%s"" must not be set manually.","حالت سفارش ""%S"" نباید به صورت دستی تنظیم شده باشد."
"The address total model should be extended from Mage_Sales_Model_Quote_Address_Total_Abstract.","مدل مجموع آدرس باید از MAGE_SALES_MODEL_QUOTE_ADDRESS_TOTAL_ABSTRACT توسعه یافته باشد."
"The billing agreement ""%s"" has been canceled.","قرارداد صورت حساب ""%S"" لغو شد."
"The billing agreement ""%s"" has been created.","قرارداد صورت حساب ""%S"" ایجاد شد."
"The coupon code has been accepted.","کد کوپن پذیرفته شد."
"The message has been sent.","پیام ارسال شد."
"The message was sent.","پیام ارسال شده بود."
"The order email has been sent.","ایمیل سفارش ارسال شد."
"The order has been cancelled.","سفارش لغو شد."
"The order has been created.","سفارش ایجاد شد."
"The order has been put on hold.","سفارش در تعلیق قرار داده شد."
"The order has been released from holding status.","سفارش از وضعیت تعلیق رها شد."
"The order has not been cancelled.","سفارش لغو نشد."
"The order was not put on hold.","سفارش در تعلیق قرار نداشت."
"The order was not unheld.","سفارش در تعلیق نبود."
"The order was placed using %s","با استفاده از %S سفارش داده شده بود"
"The order(s) cannot be canceled","سفارش(ها) نمی‌تواند(نند) لغو شده باشد(شند)"
"The payment has been accepted.","پرداخت پذیرفته شد."
"The payment has been denied.","پرداخت رد شد."
"The payment has been voided.","پرداخت باطل شد."
"The profile has been updated.","پروفایل به روز شد."
"The profile has no changes.","پروفایل هیچ تغییراتی ندارد."
"The profile state has been updated.","حالت پروفایل به روز شد."
"The requested Payment Method is not available.","روش پرداخت درخواست شده در دسترس نیست."
"The transaction ""%s"" (%s) is already closed.","تراکنش ""%S"" (%S) پیش از این بسته شده است."
"The transaction ""%s"" cannot be captured yet.","هنوز تراکنش ""%S"" نمی‌تواند ضبط شود."
"There are no billing agreements yet.","هنوز هیچ قرارداد صورت حسابی وجود ندارد."
"There are no printable documents related to selected orders.","هیچ سند قابل چاپی مرتبط با سفارش‌های انتخاب شده وجود ندارد."
"There is no need to approve this payment.","هیچ نیازی به تایید این پرداخت وجود ندارد."
"There is no need to deny this payment.","هیچ نیازی به رد این پرداخت وجود ندارد."
"There is no update for the payment.","هیچ به روز رسانی برای پرداخت وجود ندارد."
"This message will be shown in shopping cart when subtotal after discount less than minimum amount.","هنگامی که جمع جز پس از تخفیف کمتر از کمینه‌ی مبلغ است این پیام در سبد خرید نشان داده خواهد شد."
"This operation requires an existing transaction object.","این عملکرد به یک شی تراکنش موجود نیاز دارد."
"This order contains (%s) items and therefore cannot be edited through the admin interface at this time, if you wish to continue editing the (%s) items will be removed, the order will be canceled and a new order will be placed.","این سفارش شامل (%S) آیتم است و بنابراین در این زمان نمی‌تواند از طریق رابط مدیر ویرایش شود، اگر شما می‌خواهید به ویرایش ادامه دهید (%S) آیتم برداشته خواهند شد، سفارش لغو خواهد شد و یک سفارش جدید داده خواهد شد."
"This order no longer exists.","این سفارش دیگر موجود نیست."
"This profile state cannot be changed to ""%s"".","این حالت پروفایل نمی‌تواند به ""%S"" تغییر کند."
"This will create an offline refund. To create an online refund, open an invoice and create credit memo for it. Do you wish to proceed?","این یک استرداد آفلاین ایجاد خواهد کرد. برای ایجاد یک استرداد آنلاین، یک فاکتور باز کنید و یادداشت بستانکاری برای آن ایجاد نمایید. آیا شما می‌خواهید ادامه دهید؟"
"Tier Pricing","قیمت گذاری ردیفی"
"Title","عنوان"
"To","به"
"To Name","به نام"
"To:","به:"
"Total","مجموع"
"Total %d product(s)","مجموع %d محصول"
"Total (ex)","مجموع (بی)"
"Total (inc)","مجموع (با)"
"Total Due","مجموع بدهی"
"Total Invoiced","مجموع فاکتورشده"
"Total Invoiced Paid","مجموع فاکتور شده‌ی پرداخت شده"
"Total Invoiced VS Paid Report","گزارش مجموع فاکتور شده در برابر پرداخت شده"
"Total Invoiced not Paid","مجموع فاکتور شده‌ی پرداخت نشده"
"Total Ordered Report","گزارش مجموع سفارش داده شده"
"Total Paid","مجموع پرداخت شده"
"Total Qty","مجموع تعداد"
"Total Refund","مجموع استرداد"
"Total Refunded","مجموع مسترد شده"
"Total Refunded Report","گزارش مجموع مسترد"
"Total Sales Shipping","مجموع ارسال فروش‌ها"
"Total Shipped Report","گزارش مجموع ارسال شده"
"Total Shipping","مجموع ارسال"
"Total Shipping Charges","مجموع هزینه‌های ارسال"
"Total Tax","مجموع مالیات"
"Track Order","پیگیری سفارش"
"Track This Shipment","پیگیری این محموله"
"Track Your Order","پیگیری سفارش‌تان"
"Track all shipment(s)","پیگیری همه‌ی محموله(ها)"
"Track all shipments","پیگیری همه‌ی محموله‌ها"
"Tracking","پیگیری"
"Tracking Number","شماره‌ی پیگیری"
"Tracking Number(s):","شماره(ها)ی پیگیری:"
"Transaction ""%s"" was already processed.","تراکنش ""%s"" پیش از این پردازش شده بود."
"Transaction ID","شناسه‌ی تراکنش"
"Transaction ID must not be empty.","شناسه‌ی تراکنش نباید خالی باشد."
"Transaction ID: ""%s"".","شناسه‌ی تراکنش: ""%s""."
"Transaction Type","نوع تراکنش"
"Transactions","تراکنش‌ها"
"Trial ","آزمایشی "
"Trial Payment","پرداخت آزمایشی"
"Trial Period","دوره‌ی آزمایشی"
"Trial period payment","دوره‌ی پرداخت آزمایشی"
"Unhold","عدم تعلیق"
"Unhold action is not available.","کنش عدم تعلیق در دسترس نیست."
"Unhold order","عدم تعلیق سفارش"
"Unknown State","حالت ناشناخته"
"Unknown Status","وضعیت ناشناخته"
"Unsupported transaction type ""%s"".","نوع تراکنش ""%s"" پشتیبانی نشده."
"Update Changes","به روز رسانی تغییرات"
"Update Items and Qty\'s","به روز رسانی آیتم‌ها و تعدادشان"
"Update Qty\'s","به روز رسانی تعدادشان"
"Updated At","به روز شده در"
"Updated:","به روز شده:"
"Use Aggregated Data (beta)","استفاده از مجموع داده (بتا)"
"Validate Each Address Separately in Multi-address Checkout","تایید اعتبار جداگانه‌ی هر آدرس در تسویه‌ی چند آدرسی"
"Value","مقدار"
"View","مشاهده"
"View All","مشاهده‌ی همه"
"View Order","مشاهده‌ی سفارش"
"Visible on Frontend","نمایان در فرانت‌اند"
"Void","باطل"
"Void invoice","فاکتور باطل"
"Voided authorization.","تصویب باطل شده."
"Website","وب‌سایت"
"Whether buyer can define the date when billing for the profile begins.","چه خریدار می تواند تاریخ هنگامی که صورت حساب برای پروفایل شروع می‌شود را تعریف کند."
"Wishlist","لیست دلخواه"
"Wrong billing agreement ID specified.","شناسه‌ی قرارداد صدور صورت حساب مشخص شده‌ی اشتباه."
"Wrong state: ""%s"".","حالت اشتباه: ""%s""."
"Yes","بلی"
"You have placed no orders.","شما سفارشی نداده‌اید."
"You will be redirected to the payment system website.","شما به وب‌سایت سیستم پرداخت هدایت خواهید شد."
"Your credit card will be charged for","مبلغی که از کارت اعتباری شما کم خواهد شد"
"ZIP/Post Code","کد پستی"
"the credit memo email is not sent","ایمیل یادداشت بستانکاری ارسال نشده است"
"the credit memo email was sent","ایمیل یادداشت بستانکاری ارسال شد"
"the invoice email is not sent","ایمیل فاکتور ارسال نشده است"
"the invoice email was sent","ایمیل فاکتور ارسال شد"
"the order confirmation email is not sent","ایمیل تاییدیه‌ی سفارش ارسال نشده است"
"the order confirmation email was sent","ایمیل تاییدیه‌ی سفارش ارسال شد"
"the shipment email is not sent","ایمیل محموله ارسال نشده است"
"the shipment email was sent","ایمیل محموله ارسال شد"
